domain,last_seen,ip,device,verdict
1800petmeds.icu,2022-04-15,103.224.182.207,Safari,pup
2cart.net,2022-03-12,64.32.8.68,Iphone,pup
action-required.us,2022-04-04,64.32.8.68,Android,pup
appcine.net,2022-04-05,37.48.65.149,Iphone,pup
autoinsurancedepot.org,2022-04-13,37.48.65.149,Safari,pup
axisbank.co,2022-07-25,64.32.8.68,Chrome,pup
best-realprizes.life,2022-06-13,37.48.65.149,Android,pup
bestmoneysurvey.top,2022-05-03,103.224.182.207,Iphone,pup
bestporn.vip,2022-05-19,207.244.67.215,Iphone,pup
bonus-for-you.life,2022-07-22,207.244.67.215,Android,pup
bravovideo.ru,2022-04-16,103.224.182.207,Chrome,pup
bright-parrot.net,2022-03-31,207.244.67.215,Iphone,pup
cajasdigitalreporting.net,2022-03-29,103.224.182.207,Iphone,pup
camhub.site,2022-07-25,207.244.67.215,Chrome,pup
captchatest.live,2022-06-02,37.48.65.149,Android,pup
carsnspeed.net,2022-07-12,207.244.67.215,Android,pup
checkshield.net,2022-07-28,103.224.182.207,Safari,pup
clarioaff.co,2022-05-22,64.32.8.68,Safari,pup
classicvideo.ru,2022-04-03,103.224.182.207,Chrome,pup
cleargalaxy.net,2022-04-05,64.32.8.68,Iphone,pup
clickverifier.online,2022-04-15,103.224.182.207,Chrome,pup
cmdz35pvhcde.top,2022-05-09,37.48.65.149,Android,pup
cnnvideo.ru,2022-03-08,103.224.182.207,Chrome,pup
content-factory.cc,2022-04-06,103.224.182.207,Iphone,pup
crydconnect.com,2022-05-01,207.244.67.215,Iphone,pup
cryptocrawler.io,2022-04-16,37.48.65.149,Chrome,pup
curfiositystream.com,2022-03-21,37.48.65.149,Iphone,pup
curiositydstream.com,2022-04-27,207.244.67.215,Android,pup
dailyboard.org,2022-07-22,207.244.67.215,Android,pup
danceview.ru,2022-03-27,103.224.182.207,Chrome,pup
dealdoctor.co,2022-07-26,64.32.8.68,Safari,pup
discount-deal.org,2022-03-23,64.32.8.68,Android,pup
eastvideo.ru,2022-03-14,37.48.65.149,Android,pup
easycucina.net,2022-03-14,64.32.8.68,Android,pup
elementstrangepick.xyz,2022-03-10,64.32.8.68,Chrome,pup
emolumentsurvey.top,2022-03-19,37.48.65.149,Android,pup
enjoy1volcano.xyz,2022-03-22,103.224.182.207,Android,pup
enjoy7plains.xyz,2022-04-18,37.48.65.149,Android,pup
eskivideo.ru,2022-04-02,37.48.65.149,Android,pup
exotikcontent.ru,2022-04-27,103.224.182.207,Chrome,pup
exploreshops.net,2022-05-30,207.244.67.215,Android,pup
expoview.ru,2022-03-19,103.224.182.207,Chrome,pup
fansvideo.ru,2022-04-18,103.224.182.207,Chrome,pup
find-datings.life,2022-05-15,37.48.65.149,Iphone,pup
findallgainssurvey.top,2022-07-04,37.48.65.149,Android,pup
findallgainsurvey.top,2022-07-04,37.48.65.149,Android,pup
findsexy.life,2022-06-15,37.48.65.149,Iphone,pup
flowvideo.ru,2022-05-02,103.224.182.207,Chrome,pup
gadget.land,2022-07-07,103.224.182.207,Safari,pup
gainrulesurvey.top,2022-07-04,207.244.67.215,Android,pup
galacontent.ru,2022-04-21,103.224.182.207,Chrome,pup
gameoverhere.net,2022-05-04,207.244.67.215,Android,pup
getixvideo.fun,2022-05-08,103.224.182.207,Chrome,pup
getway2updatesalways.click,2022-07-25,64.32.8.68,Chrome,pup
getway4upgradingnow.click,2022-07-15,207.244.67.215,Chrome,pup
gexcontent.biz,2022-05-16,103.224.182.207,Chrome,pup
gift-shop.org,2022-07-17,207.244.67.215,Android,pup
giving-weekly-free-instant.rest,2022-07-05,207.244.67.215,Android,pup
google-search.online,2022-06-05,207.244.67.215,Iphone,pup
googlesearch.shop,2022-06-18,103.224.182.207,Safari,pup
great-dates-club.life,2022-06-24,103.224.182.207,Chrome,pup
great-dates-place.life,2022-03-27,207.244.67.215,Iphone,pup
gymtrainers.xyz,2022-04-12,37.48.65.149,Safari,pup
hansview.ru,2022-03-26,103.224.182.207,Chrome,pup
healthguards.co,2022-04-10,64.32.8.68,Safari,pup
heritagetrust.co,2022-07-26,37.48.65.149,Safari,pup
heya.today,2022-03-26,64.32.8.68,Chrome,pup
initiategreatlyfreethefile.vip,2022-03-09,207.244.67.215,Safari,pup
initiategreatlyrecentthefile.vip,2022-03-09,207.244.67.215,Safari,pup
initiateheavilydevelopedtheproduct.vip,2022-06-14,64.32.8.68,Chrome,pup
initiateintenselyquicktheproduct.vip,2022-06-29,207.244.67.215,Safari,pup
initiaterecentgreatlythefile.vip,2022-03-09,207.244.67.215,Safari,pup
installhighlyrefinedthefile.vip,2022-06-13,37.48.65.149,Safari,pup
installprecisehighlythefile.vip,2022-06-13,37.48.65.149,Safari,pup
installrenewedsupertheproduct.vip,2022-06-26,207.244.67.215,Safari,pup
installsophisticatedoverlytheproduct.vip,2022-06-25,207.244.67.215,Safari,pup
installstronghighlythefile.vip,2022-06-13,37.48.65.149,Safari,pup
installsuperoriginaltheproduct.vip,2022-06-26,207.244.67.215,Safari,pup
insuranceforyourcars.co,2022-04-13,37.48.65.149,Safari,pup
investinfo.net,2022-05-18,64.32.8.68,Android,pup
invoicingsoftware.co,2022-07-26,37.48.65.149,Chrome,pup
jakeview.ru,2022-03-17,103.224.182.207,Chrome,pup
koalaspringb.xyz,2022-03-14,37.48.65.149,Android,pup
lifeinsurance.net,2022-05-03,103.224.182.207,Iphone,pup
llcvideo.ru,2022-03-12,103.224.182.207,Chrome,pup
loadextremelynewesttheproduct.vip,2022-05-06,103.224.182.207,Safari,pup
loadfreegreatlytheproduct.vip,2022-05-08,103.224.182.207,Chrome,pup
loadrecentextremelytheproduct.vip,2022-05-06,103.224.182.207,Safari,pup
lovegoodfats.co,2022-07-26,37.48.65.149,Chrome,pup
lpages.co,2022-06-21,103.224.182.207,Iphone,pup
lucktoday.club,2022-07-25,64.32.8.68,Android,pup
managestrongintenselythefile.vip,2022-06-03,37.48.65.149,Safari,pup
marionettespuppets.co,2022-04-06,103.224.182.207,Safari,pup
mattdeany.co,2022-04-15,207.244.67.215,Safari,pup
meetsurvey.top,2022-04-20,64.32.8.68,Android,pup
meuble-salle-bain-teck.fr,2022-07-07,37.48.65.149,Chrome,pup
militaryautoinsurance.biz,2022-07-26,64.32.8.68,Chrome,pup
misticview.ru,2022-03-29,207.244.67.215,Android,pup
mistikvideo.ru,2022-04-12,103.224.182.207,Chrome,pup
mkluzkoviny.cz,2022-06-12,64.32.8.68,Android,pup
monetizer.co,2022-04-25,37.48.65.149,Iphone,pup
multipleincomestreams.co,2022-07-26,37.48.65.149,Chrome,pup
mygiftportal.app,2022-07-11,103.224.182.207,Iphone,pup
natribu.org,2022-03-20,103.224.182.207,Chrome,pup
neckcolonyunit.buzz,2022-06-13,37.48.65.149,Android,pup
newchange.io,2022-05-31,37.48.65.149,Android,pup
news-deluhi.cc,2022-03-15,207.244.67.215,Chrome,pup
news24.media,2022-05-28,64.32.8.68,Android,pup
newsinformer.net,2022-04-11,64.32.8.68,Android,pup
nordvpnhosting.com,2022-03-20,64.32.8.68,Android,pup
nutritio.news,2022-05-26,37.48.65.149,Chrome,pup
omgyouwon.xyz,2022-03-22,103.224.182.207,Android,pup
on-program-course-us-intl-ok.live,2022-04-18,103.224.182.207,Android,pup
pandasummerb.xyz,2022-04-28,37.48.65.149,Android,pup
peetco.co,2022-04-08,64.32.8.68,Safari,pup
peoplemarketing.co,2022-04-15,207.244.67.215,Safari,pup
peovideo.ru,2022-03-05,207.244.67.215,Android,pup
perfectprizes.net,2022-03-23,37.48.65.149,Android,pup
performhighlyspeedythefile.vip,2022-06-13,37.48.65.149,Safari,pup
performhighlyswiftthefile.vip,2022-06-13,37.48.65.149,Safari,pup
performrenewedgreatlythefile.vip,2022-04-19,103.224.182.207,Chrome,pup
personalloanpro.co,2022-06-13,207.244.67.215,Android,pup
placetowin.net,2022-05-31,207.244.67.215,Safari,pup
playautumnd.xyz,2022-04-24,37.48.65.149,Android,pup
playrefinedheavilythefile.vip,2022-05-09,103.224.182.207,Chrome,pup
poprtb.pro,2022-07-23,37.48.65.149,Iphone,pup
profitedsurvey.site,2022-04-19,103.224.182.207,Iphone,pup
prospect-verified.net,2022-04-12,64.32.8.68,Safari,pup
prote.today,2022-04-23,64.32.8.68,Android,pup
qoubvideo.ru,2022-04-08,103.224.182.207,Chrome,pup
questionpro.ca,2022-05-17,37.48.65.149,Iphone,pup
quickorange.net,2022-03-30,103.224.182.207,Android,pup
realprizeshere.life,2022-03-08,64.32.8.68,Chrome,pup
recaptchatest.online,2022-05-12,207.244.67.215,Android,pup
recommended-vpns.com,2022-07-12,37.48.65.149,Iphone,pup
redirectbuzz.club,2022-07-23,207.244.67.215,Android,pup
research-study.healthcare,2022-03-24,64.32.8.68,Chrome,pup
restaurantsnearestme.co,2022-03-15,207.244.67.215,Safari,pup
runbig.xyz,2022-03-02,37.48.65.149,Iphone,pup
seacrossweek.top,2022-07-22,207.244.67.215,Android,pup
search-hub.co,2022-03-12,37.48.65.149,Android,pup
searches.today,2022-06-14,37.48.65.149,Chrome,pup
setview.ru,2022-03-25,103.224.182.207,Chrome,pup
sexateam.ru,2022-04-01,103.224.182.207,Chrome,pup
sexaview.ru,2022-03-28,103.224.182.207,Chrome,pup
sexoplace.ru,2022-03-30,103.224.182.207,Chrome,pup
sexoview.ru,2022-03-31,103.224.182.207,Chrome,pup
shopnsave.world,2022-04-08,37.48.65.149,Chrome,pup
shopperdeal.net,2022-04-09,64.32.8.68,Iphone,pup
soft-ex.icu,2022-07-04,37.48.65.149,Android,pup
sonic1crater.xyz,2022-03-25,64.32.8.68,Iphone,pup
sonic7volcano.xyz,2022-03-12,207.244.67.215,Iphone,pup
sonicaocean.xyz,2022-04-19,37.48.65.149,Android,pup
soundbeats.co,2022-07-26,64.32.8.68,Chrome,pup
spacepaperstar.buzz,2022-06-13,207.244.67.215,Android,pup
specialdatlng.net,2022-06-16,207.244.67.215,Safari,pup
startdollarsurvey.top,2022-05-25,37.48.65.149,Android,pup
streamcontent.fun,2022-05-10,103.224.182.207,Chrome,pup
streamhalk.ru,2022-04-13,103.224.182.207,Chrome,pup
subeamy.pw,2022-06-29,207.244.67.215,Safari,pup
sunnyview.ru,2022-03-18,103.224.182.207,Chrome,pup
survey-today.xyz,2022-04-04,103.224.182.207,Chrome,pup
syncgreatlyprecisetheproduct.vip,2022-05-09,103.224.182.207,Chrome,pup
syncintenselyquickthefile.vip,2022-04-19,103.224.182.207,Chrome,pup
syncintenselyspeedythefile.vip,2022-04-19,103.224.182.207,Chrome,pup
tdsshark.club,2022-05-30,103.224.182.207,Safari,pup
techandgadgets.net,2022-04-26,37.48.65.149,Android,pup
techynews.org,2022-03-16,37.48.65.149,Android,pup
termovideo.ru,2022-03-24,103.224.182.207,Chrome,pup
tetview.ru,2022-03-22,37.48.65.149,Android,pup
the1planet.xyz,2022-05-03,37.48.65.149,Android,pup
the7planet.xyz,2022-03-28,37.48.65.149,Android,pup
theasea.xyz,2022-04-26,37.48.65.149,Android,pup
thelastpicture.show,2022-07-28,207.244.67.215,Safari,pup
timefornews.online,2022-07-28,207.244.67.215,Iphone,pup
topamdeia.ru,2022-04-20,103.224.182.207,Chrome,pup
topedvideo.ru,2022-04-30,103.224.182.207,Chrome,pup
toplamvideo.ru,2022-04-24,103.224.182.207,Chrome,pup
topsummerapps.net,2022-07-25,207.244.67.215,Android,pup
toptechprivacy.cyou,2022-03-04,207.244.67.215,Android,pup
tracksystem.online,2022-05-09,103.224.182.207,Chrome,pup
trafficbounce.net,2022-07-16,64.32.8.68,Chrome,pup
tronvideo.ru,2022-03-03,103.224.182.207,Chrome,pup
tunevideo.ru,2022-04-11,103.224.182.207,Chrome,pup
underbodieswki4.buzz,2022-07-05,37.48.65.149,Android,pup
uniccontent.ru,2022-04-26,103.224.182.207,Chrome,pup
unigogo.co,2022-03-20,37.48.65.149,Android,pup
updateheavilyadvancedtheproduct.vip,2022-06-17,37.48.65.149,Chrome,pup
updatemostadvancedtheproduct.vip,2022-06-29,37.48.65.149,Safari,pup
updatequickhighlytheproduct.vip,2022-06-16,37.48.65.149,Chrome,pup
updateuberlatestthefile.vip,2022-04-12,207.244.67.215,Chrome,pup
us-cleaningservices-2022.life,2022-06-02,37.48.65.149,Android,pup
uservalidate.xyz,2022-03-12,37.48.65.149,Android,pup
videobbc.ru,2022-03-10,103.224.182.207,Chrome,pup
videocnn.ru,2022-03-07,103.224.182.207,Chrome,pup
videoeast.ru,2022-03-16,103.224.182.207,Chrome,pup
videogoal.biz,2022-05-11,103.224.182.207,Chrome,pup
videopool.ru,2022-04-06,103.224.182.207,Chrome,pup
videospots.ru,2022-04-04,103.224.182.207,Chrome,pup
viewsunny.ru,2022-03-20,103.224.182.207,Chrome,pup
viewunic.ru,2022-03-23,103.224.182.207,Chrome,pup
visitnj.org,2022-06-04,207.244.67.215,Safari,pup
wangmo.life,2022-03-09,64.32.8.68,Android,pup
wantjoinsince.xyz,2022-03-12,64.32.8.68,Chrome,pup
webtip.cc,2022-03-21,207.244.67.215,Iphone,pup
weeklyfreeinstant.rest,2022-07-04,207.244.67.215,Android,pup
weeklyprizerealspecialoffer.rest,2022-07-04,207.244.67.215,Android,pup
westacoast.xyz,2022-04-19,37.48.65.149,Android,pup
westcontent.ru,2022-04-29,103.224.182.207,Chrome,pup
wgredmaraz.xyz,2022-04-18,103.224.182.207,Safari,pup
wiki-review.net,2022-04-24,64.32.8.68,Iphone,pup
woodencube.co,2022-03-16,207.244.67.215,Chrome,pup
worldsguide.net,2022-03-26,64.32.8.68,Android,pup
yourcarinsurancefinders.co,2022-04-06,103.224.182.207,Safari,pup
zmfindyourhalf.top,2022-07-20,64.32.8.68,Android,pup
zmprofitsurvey.top,2022-06-04,64.32.8.68,Android,pup
